"Variable","F_Value","Pr_F","Df","Partial_Eta_Squared","Mean_MDD","SD_MDD","Mean_Control","SD_Control"
"fundamental_frequency_mean",3.12808504192128,0.0819537028625012,"1/61",0.0487787065507479,139.358628104578,38.808694407562,171.687724590909,36.7699026036395
"fundamental_frequency_variance",3.33918053624015,0.0725407949255649,"1/61",0.0518996435517126,3835.20453997551,3991.54144522888,3248.14041107727,2299.36659513569
"intensity_mean_db",0.875455673889863,0.353138838116788,"1/61",0.0141486743710445,54.3540630911222,5.30154293331767,55.8806789359091,7.47287305872304
"medium_pause_duration",2.51836439901559,0.117697846587295,"1/61",0.0396478156017289,0.399158855854444,0.196440144759474,0.278212574954545,0.196242110509715
"speech_rate",6.27375718323015,0.0149416832881934,"1/61",0.0932571250055595,96.6845947839823,48.4231439641164,143.909513815455,37.2341349539096
"sentiment_dominance",5.66199363588745,0.020479412752414,"1/61",0.0849358581565031,5.49378791941179,0.375553087344002,5.76389495809091,0.177843409198034
"sentiment_valence",7.14419507120306,0.00963457507183247,"1/61",0.104839378669572,5.72487252130163,0.62611842411905,6.28726155713636,0.390624872887998
"sentiment_arousal",3.56952974613054,0.0636044195439219,"1/61",0.0552819535803488,4.08634985341399,0.320212839626722,3.93662642940909,0.20506459302313
