"Variable","F_Value","Pr_F","Df","Partial_Eta_Squared","Mean_MDD","SD_MDD","Mean_Control","SD_Control"
"fundamental_frequency_mean",3.79768253771831,0.0558522716550214,"1/62",0.0577175728877883,137.717459515185,37.0675174243383,171.687724590909,36.7699026036395
"fundamental_frequency_variance",1.13418326293865,0.291014804428103,"1/62",0.0179646461603068,3583.20620401016,3530.99926633782,3248.14041107727,2299.36659513569
"intensity_mean_db",0.0152549810314392,0.902101953561802,"1/62",0.00024598755638601,54.5524199297383,5.12693581295587,55.8806789359091,7.47287305872304
"medium_pause_duration",4.23170950831141,0.0438883831344375,"1/62",0.0638925001291167,0.40054564507996,0.197899667467374,0.278212574954545,0.196242110509715
"speech_rate",8.50988042224595,0.00491354851046438,"1/62",0.120690609192426,96.9619357735259,48.8070835533579,143.909513815455,37.2341349539096
"sentiment_dominance",4.71253053625542,0.0337807838747229,"1/62",0.0706393611271328,5.48940992969972,0.377395243267197,5.76389495809091,0.177843409198034
"sentiment_valence",6.25426169254824,0.0150460503451418,"1/62",0.0916318122481583,5.72506034330692,0.631682382215823,6.28726155713636,0.390624872887998
"sentiment_arousal",5.71897128616179,0.0198303193910922,"1/62",0.0844515381368536,4.08969224850898,0.322036866946969,3.93662642940909,0.20506459302313
