"variable","estimate","std_error","statistic","p_value"
"fundamental_frequency_mean",-0.0253116160933416,0.0403296220821458,-0.627618479582707,0.538593684383868
"fundamental_frequency_variance",-0.00040668511622312,0.000301791215496148,-1.34757108670153,0.195482853182142
"intensity_mean_db",-0.501278053906919,0.171789463347636,-2.9179790432928,0.00958990557964729
"medium_pause_duration",4.62896918086049,6.04001262591319,0.766384023934161,0.453959154817705
"speech_rate",-0.0431707344108939,0.0219138237349348,-1.97002289208302,0.0653492542464754
"sentiment_dominance",-3.55390204981263,2.793447757072,-1.27222785563662,0.220419650623334
"sentiment_valence",-2.76312687466639,1.6510609719449,-1.67354623579498,0.112518820306651
"sentiment_arousal",9.18014034831045,4.5902944034138,1.99990230288567,0.0617500759589299
