"variable","estimate","std_error","statistic","p_value"
"fundamental_frequency_mean",0.0131754547928973,0.023063115380977,0.571278189232178,0.570855657312145
"fundamental_frequency_variance",-0.000255379715654807,0.000172617450876522,-1.47945479647645,0.146480906384834
"intensity_mean_db",-0.069567520543684,0.137280949830111,-0.506752908031126,0.614978449132542
"medium_pause_duration",2.32977328042759,3.26779096358285,0.712950524189343,0.479819010825059
"speech_rate",-0.00181320074204538,0.0124527934481592,-0.145605943726097,0.884929047546079
"sentiment_dominance",-1.41707326623628,1.6171610503746,-0.876272196827913,0.385866499488139
"sentiment_valence",-0.929921642654073,0.964436417299341,-0.964212493404264,0.340458551284861
"sentiment_arousal",2.23926089125257,2.00127695786234,1.11891604130816,0.269534671194056
