"variable","estimate","std_error","statistic","p_value"
"fundamental_frequency_mean",0.0163950442471961,0.0239362883771263,0.684945133885643,0.497054306655377
"fundamental_frequency_variance",-0.000294366547279881,0.000177727448040031,-1.65628072943229,0.104945550160309
"intensity_mean_db",-0.0947551713321775,0.142171702980964,-0.666484042502219,0.508662142635792
"medium_pause_duration",3.4075557004641,3.33886597062952,1.02057277244394,0.313164721369984
"speech_rate",-0.00287427547907701,0.012958075555783,-0.221813452676949,0.825509201724645
"sentiment_dominance",-1.31824305890376,1.68737898287479,-0.781237097464535,0.438943305469035
"sentiment_valence",-0.784335692275438,1.00635030946644,-0.779386347773158,0.4400208099488
"sentiment_arousal",1.87765371577171,2.08940201846122,0.898656026547993,0.373840686248176
