"variable","estimate","std_error","statistic","p_value"
"fundamental_frequency_mean",-0.00979077259625927,0.120618550467682,-0.0811713667449729,0.935665622806878
"fundamental_frequency_variance",0.000530962566891659,0.000908594406842455,0.584377983061616,0.561884459526779
"intensity_mean_db",-0.647846599084475,0.603746388473562,-1.07304426403678,0.288972009647648
"medium_pause_duration",-5.07678389219224,16.0875088925022,-0.315573027876202,0.753785546667024
"speech_rate",0.00966005944823828,0.0617022541493295,0.156559263213616,0.876292501019206
"sentiment_dominance",-0.716294762590302,8.25794900754578,-0.0867400321721267,0.931262978460374
"sentiment_valence",-2.26824077782395,5.00906902728173,-0.452826815815483,0.652849235961744
"sentiment_arousal",4.16841771757916,10.201584270069,0.408604938922,0.684767618732835
