"variable","estimate","std_error","statistic","p_value"
"fundamental_frequency_mean",0.013207749145498,0.0216634469542176,0.609679021690801,0.544891420780093
"fundamental_frequency_variance",-0.000348218742452277,0.000143437665979081,-2.42766598351553,0.0189161011734523
"intensity_mean_db",-0.00381559925789849,0.135065621789854,-0.028249966255922,0.977577531659098
"medium_pause_duration",3.77282456191273,3.22681953889161,1.16920841603949,0.247976088965851
"speech_rate",-0.000246476094790699,0.0118887459451228,-0.0207318834070815,0.983543728640097
"sentiment_dominance",-1.15013453871096,1.60432048440502,-0.716898244391299,0.476840332055061
"sentiment_valence",-0.656270588108929,0.978765864855015,-0.670508250924895,0.505682001400606
"sentiment_arousal",1.51628616906409,2.04886401000488,0.740061888763657,0.462793738603602
